perfmode,transtotaltime(s),peakresmem(MBytes),numcpu,totalused(%),nodes,bsim4,coreType,errpreset,gmin(S),maxstep(s),abstolV(V),abstolI(A),reltol,method
Spectre,5737.82,226,32,441.8,103,202,Intel(R) Xeon(R) CPU E5-2660 0 @ 2.20GHz,conservative,1.00E-12,1.00E-08,1.00E-06,1.00E-12,0.0001,gear2only
APS,1808.03,244,30,384.5,103,202,Intel(R) Xeon(R) CPU E5-2660 0 @ 2.20GHz,conservative,1.00E-12,1.00E-08,1.00E-06,1.00E-12,0.0001,gear2only
APS++,1067.23,142,26,363.4,103,202,Intel(R) Xeon(R) CPU E5-2660 0 @ 2.20GHz,conservative_sigglobal,1.00E-12,1.00E-08,1.00E-06,1.00E-12,0.0001,gear2only
APS++,4330.91,245,30,641,103,202,Intel(R) Xeon(R) CPU E5-2660 0 @ 2.20GHz,conservative_sigglobal,1.00E-12,1.00E-08,1.00E-06,1.00E-12,0.0001,gear2only
Spectre,1434.95,139,25,369.9,103,202,Intel(R) Xeon(R) CPU E5-2660 0 @ 2.20GHz,liberal,1.00E-12,2.00E-08,1.00E-06,1.00E-12,0.01,trapgear2
APS,401.514,137,21,349.2,103,202,Intel(R) Xeon(R) CPU E5-2660 0 @ 2.20GHz,liberal,1.00E-12,2.00E-08,1.00E-06,1.00E-12,0.01,trapgear2
APS++,242.792,68.2,19,324.7,103,202,Intel(R) Xeon(R) CPU E5-2660 0 @ 2.20GHz,liberal,1.00E-12,2.00E-08,1.00E-06,1.00E-12,0.01,trapgear2
APS,1685.81,249,32,633.7,103,202,Intel(R) Xeon(R) CPU E5-2660 0 @ 2.20GHz,liberal,1.00E-12,2.00E-08,1.00E-06,1.00E-12,0.01,trapgear2
APS++,806.773,76.4,32,668,103,202,Intel(R) Xeon(R) CPU E5-2660 0 @ 2.20GHz,liberal,1.00E-12,2.00E-08,1.00E-06,1.00E-12,0.01,trapgear2
Spectre,3333.84,99,32,416,103,202,Intel(R) Xeon(R) CPU E5-2660 0 @ 2.20GHz,moderate,1.00E-12,2.00E-08,1.00E-06,1.00E-12,0.001,traponly
APS,1370.51,102,25,337.7,103,202,Intel(R) Xeon(R) CPU E5-2660 0 @ 2.20GHz,moderate,1.00E-12,2.00E-08,1.00E-06,1.00E-12,0.001,traponly
APS++,766.526,139,26,356.3,103,202,Intel(R) Xeon(R) CPU E5-2660 0 @ 2.20GHz,moderate,1.00E-12,2.00E-08,1.00E-06,1.00E-12,0.001,traponly
APS,4474.11,235,32,743.6,103,202,Intel(R) Xeon(R) CPU E5-2660 0 @ 2.20GHz,moderate,1.00E-12,2.00E-08,1.00E-06,1.00E-12,0.001,traponly
APS++,2602.46,221,32,611.1,103,202,Intel(R) Xeon(R) CPU E5-2660 0 @ 2.20GHz,moderate,1.00E-12,2.00E-08,1.00E-06,1.00E-12,0.001,traponly
Spectre,4633.61,632,35,1216.2,103,202,Intel(R) Xeon(R) CPU E5-2699 v3 @ 2.30GHz,conservative,1.00E-12,1.00E-08,1.00E-06,1.00E-12,0.0001,gear2only
APS,1931.92,634,31,618.9,103,202,Intel(R) Xeon(R) CPU E5-2699 v3 @ 2.30GHz,conservative,1.00E-12,1.00E-08,1.00E-06,1.00E-12,0.0001,gear2only
APS++,1367.63,636,31,989.6,103,202,Intel(R) Xeon(R) CPU E5-2699 v3 @ 2.30GHz,conservative_sigglobal,1.00E-12,1.00E-08,1.00E-06,1.00E-12,0.0001,gear2only
APS,8789.2,642,36,2432,103,202,Intel(R) Xeon(R) CPU E5-2699 v3 @ 2.30GHz,conservative,1.00E-12,1.00E-08,1.00E-06,1.00E-12,0.0001,gear2only
APS++,6100.15,643,24,1186.2,103,202,Intel(R) Xeon(R) CPU E5-2699 v3 @ 2.30GHz,conservative_sigglobal,1.00E-12,1.00E-08,1.00E-06,1.00E-12,0.0001,gear2only
Spectre,1140.26,621,12,721.5,103,202,Intel(R) Xeon(R) CPU E5-2699 v3 @ 2.30GHz,liberal,1.00E-12,2.00E-08,1.00E-06,1.00E-12,0.01,trapgear2
APS,446.127,540,32,593.1,103,202,Intel(R) Xeon(R) CPU E5-2699 v3 @ 2.30GHz,liberal,1.00E-12,2.00E-08,1.00E-06,1.00E-12,0.01,trapgear2
APS++,264.991,242,33,337.9,103,202,Intel(R) Xeon(R) CPU E5-2699 v3 @ 2.30GHz,liberal,1.00E-12,2.00E-08,1.00E-06,1.00E-12,0.01,trapgear2
APS,2038.68,648,36,1496.6,103,202,Intel(R) Xeon(R) CPU E5-2699 v3 @ 2.30GHz,liberal,1.00E-12,2.00E-08,1.00E-06,1.00E-12,0.01,trapgear2
APS++,1060.95,267,16,1093.2,103,202,Intel(R) Xeon(R) CPU E5-2699 v3 @ 2.30GHz,liberal,1.00E-12,2.00E-08,1.00E-06,1.00E-12,0.01,trapgear2
Spectre,2635.36,632,33,771.3,103,202,Intel(R) Xeon(R) CPU E5-2699 v3 @ 2.30GHz,moderate,1.00E-12,2.00E-08,1.00E-06,1.00E-12,0.001,traponly
APS,1355.01,547,35,1892.6,103,202,Intel(R) Xeon(R) CPU E5-2699 v3 @ 2.30GHz,moderate,1.00E-12,2.00E-08,1.00E-06,1.00E-12,0.001,traponly
APS++,825.912,546,11,238.8,103,202,Intel(R) Xeon(R) CPU E5-2699 v3 @ 2.30GHz,moderate,1.00E-12,2.00E-08,1.00E-06,1.00E-12,0.001,traponly
APS,5006.5,644,36,1718.9,103,202,Intel(R) Xeon(R) CPU E5-2699 v3 @ 2.30GHz,moderate,1.00E-12,2.00E-08,1.00E-06,1.00E-12,0.001,traponly
APS++,3416.69,645,36,1835.3,103,202,Intel(R) Xeon(R) CPU E5-2699 v3 @ 2.30GHz,moderate,1.00E-12,2.00E-08,1.00E-06,1.00E-12,0.001,traponly
Spectre,2928.53,523,36,1285.3,103,202,Intel(R) Xeon(R) Gold 6148 CPU @ 2.40GHz,conservative,1.00E-12,1.00E-08,1.00E-06,1.00E-12,0.0001,gear2only
APS,1405.1,639,3,201.8,103,202,Intel(R) Xeon(R) Gold 6148 CPU @ 2.40GHz,conservative,1.00E-12,1.00E-08,1.00E-06,1.00E-12,0.0001,gear2only
APS++,984.954,589,3,202.9,103,202,Intel(R) Xeon(R) Gold 6148 CPU @ 2.40GHz,conservative_sigglobal,1.00E-12,1.00E-08,1.00E-06,1.00E-12,0.0001,gear2only
Spectre,13786.1,479,3,108.2,503,1002,Intel(R) Xeon(R) Gold 6148 CPU @ 2.40GHz,conservative,1.00E-12,1.00E-08,1.00E-06,1.00E-12,0.0001,gear2only
APS,5588.9,477,29,2003.1,503,1002,Intel(R) Xeon(R) Gold 6148 CPU @ 2.40GHz,conservative,1.00E-12,1.00E-08,1.00E-06,1.00E-12,0.0001,gear2only
APS++,3869.58,480,3,103.3,503,1002,Intel(R) Xeon(R) Gold 6148 CPU @ 2.40GHz,conservative_sigglobal,1.00E-12,1.00E-08,1.00E-06,1.00E-12,0.0001,gear2only
Spectre,727.796,536,1,101.8,103,202,Intel(R) Xeon(R) Gold 6148 CPU @ 2.40GHz,liberal,1.00E-12,2.00E-08,1.00E-06,1.00E-12,0.01,trapgear2
APS,325.408,527,25,277.7,103,202,Intel(R) Xeon(R) Gold 6148 CPU @ 2.40GHz,liberal,1.00E-12,2.00E-08,1.00E-06,1.00E-12,0.01,trapgear2
APS++,189.343,230,3,202.7,103,202,Intel(R) Xeon(R) Gold 6148 CPU @ 2.40GHz,liberal,1.00E-12,2.00E-08,1.00E-06,1.00E-12,0.01,trapgear2
Spectre,3412.17,479,2,112.1,503,1002,Intel(R) Xeon(R) Gold 6148 CPU @ 2.40GHz,liberal,1.00E-12,2.00E-08,1.00E-06,1.00E-12,0.01,trapgear2
APS,1383.17,479,3,103.6,503,1002,Intel(R) Xeon(R) Gold 6148 CPU @ 2.40GHz,liberal,1.00E-12,2.00E-08,1.00E-06,1.00E-12,0.01,trapgear2
APS++,766.885,235,2,104.1,503,1002,Intel(R) Xeon(R) Gold 6148 CPU @ 2.40GHz,liberal,1.00E-12,2.00E-08,1.00E-06,1.00E-12,0.01,trapgear2
Spectre,1713.15,525,25,1269.8,103,202,Intel(R) Xeon(R) Gold 6148 CPU @ 2.40GHz,moderate,1.00E-12,2.00E-08,1.00E-06,1.00E-12,0.001,traponly
APS,983.32,524,3,202.9,103,202,Intel(R) Xeon(R) Gold 6148 CPU @ 2.40GHz,moderate,1.00E-12,2.00E-08,1.00E-06,1.00E-12,0.001,traponly
APS++,599.757,558,3,202.9,103,202,Intel(R) Xeon(R) Gold 6148 CPU @ 2.40GHz,moderate,1.00E-12,2.00E-08,1.00E-06,1.00E-12,0.001,traponly
Spectre,8091.81,476,2,111.8,503,1002,Intel(R) Xeon(R) Gold 6148 CPU @ 2.40GHz,moderate,1.00E-12,2.00E-08,1.00E-06,1.00E-12,0.001,traponly
APS,3962.33,481,4,104.4,503,1002,Intel(R) Xeon(R) Gold 6148 CPU @ 2.40GHz,moderate,1.00E-12,2.00E-08,1.00E-06,1.00E-12,0.001,traponly
APS++,2406.09,487,6,117.1,503,1002,Intel(R) Xeon(R) Gold 6148 CPU @ 2.40GHz,moderate,1.00E-12,2.00E-08,1.00E-06,1.00E-12,0.001,traponly
Spectre,710.078,537,14,1381.6,103,202,Intel(R) Xeon(R) Gold 6148 CPU @ 2.40GHz,liberal,1.00E-12,2.00E-08,1.00E-06,1.00E-12,0.01,trapgear2
APS,1711.69,542,14,1378.8,103,202,Intel(R) Xeon(R) Gold 6148 CPU @ 2.40GHz,liberal,1.00E-12,2.00E-08,1.00E-06,1.00E-12,0.01,trapgear2
APS++,185.194,249,14,1039.2,103,202,Intel(R) Xeon(R) Gold 6148 CPU @ 2.40GHz,liberal,1.00E-12,2.00E-08,1.00E-06,1.00E-12,0.01,trapgear2
Spectre,3443.77,478,6,202.8,503,1002,Intel(R) Xeon(R) Gold 6148 CPU @ 2.40GHz,liberal,1.00E-12,2.00E-08,1.00E-06,1.00E-12,0.01,trapgear2
APS,1441.19,483,37,2515.3,503,1002,Intel(R) Xeon(R) Gold 6148 CPU @ 2.40GHz,liberal,1.00E-12,2.00E-08,1.00E-06,1.00E-12,0.01,trapgear2
APS++,783.621,232,30,2517.8,503,1002,Intel(R) Xeon(R) Gold 6148 CPU @ 2.40GHz,liberal,1.00E-12,2.00E-08,1.00E-06,1.00E-12,0.01,trapgear2
Spectre,2879.2,634,14,1031.4,103,202,Intel(R) Xeon(R) Gold 6148 CPU @ 2.40GHz,conservative,1.00E-12,1.00E-08,1.00E-06,1.00E-12,0.0001,gear2only
APS,7554.86,636,14,1365.3,103,202,Intel(R) Xeon(R) Gold 6148 CPU @ 2.40GHz,conservative,1.00E-12,1.00E-08,1.00E-06,1.00E-12,0.0001,gear2only
APS++,968.225,626,10,905.2,103,202,Intel(R) Xeon(R) Gold 6148 CPU @ 2.40GHz,conservative_sigglobal,1.00E-12,1.00E-08,1.00E-06,1.00E-12,0.0001,gear2only
Spectre,13784,478,6,177.7,503,1002,Intel(R) Xeon(R) Gold 6148 CPU @ 2.40GHz,conservative,1.00E-12,1.00E-08,1.00E-06,1.00E-12,0.0001,gear2only
APS,5431.19,484,7,211.7,503,1002,Intel(R) Xeon(R) Gold 6148 CPU @ 2.40GHz,conservative,1.00E-12,1.00E-08,1.00E-06,1.00E-12,0.0001,gear2only
APS++,4011.98,482,35,2385.6,503,1002,Intel(R) Xeon(R) Gold 6148 CPU @ 2.40GHz,conservative_sigglobal,1.00E-12,1.00E-08,1.00E-06,1.00E-12,0.0001,gear2only
Spectre,1685.92,633,14,1004,103,202,Intel(R) Xeon(R) Gold 6148 CPU @ 2.40GHz,moderate,1.00E-12,2.00E-08,1.00E-06,1.00E-12,0.001,traponly
APS,4354.36,639,14,1381.4,103,202,Intel(R) Xeon(R) Gold 6148 CPU @ 2.40GHz,moderate,1.00E-12,2.00E-08,1.00E-06,1.00E-12,0.001,traponly
APS++,586.101,630,14,1370,103,202,Intel(R) Xeon(R) Gold 6148 CPU @ 2.40GHz,moderate,1.00E-12,2.00E-08,1.00E-06,1.00E-12,0.001,traponly
Spectre,8230.11,477,6,198,503,1002,Intel(R) Xeon(R) Gold 6148 CPU @ 2.40GHz,moderate,1.00E-12,2.00E-08,1.00E-06,1.00E-12,0.001,traponly
APS,4103.42,482,38,2525.2,503,1002,Intel(R) Xeon(R) Gold 6148 CPU @ 2.40GHz,moderate,1.00E-12,2.00E-08,1.00E-06,1.00E-12,0.001,traponly
APS++,2449.46,488,38,2555.3,503,1002,Intel(R) Xeon(R) Gold 6148 CPU @ 2.40GHz,moderate,1.00E-12,2.00E-08,1.00E-06,1.00E-12,0.001,traponly
Spectre,3456.29,475,14,337.6,503,1002,Intel(R) Xeon(R) Gold 6148 CPU @ 2.40GHz,liberal,1.00E-12,2.00E-08,1.00E-06,1.00E-12,0.01,trapgear2
APS,1380.18,479,6,275.5,503,1002,Intel(R) Xeon(R) Gold 6148 CPU @ 2.40GHz,liberal,1.00E-12,2.00E-08,1.00E-06,1.00E-12,0.01,trapgear2
APS++,764.674,236,6,309.2,503,1002,Intel(R) Xeon(R) Gold 6148 CPU @ 2.40GHz,liberal,1.00E-12,2.00E-08,1.00E-06,1.00E-12,0.01,trapgear2
Spectre,8074.44,473,14,296.5,503,1002,Intel(R) Xeon(R) Gold 6148 CPU @ 2.40GHz,moderate,1.00E-12,2.00E-08,1.00E-06,1.00E-12,0.001,traponly
APS,4010.89,482,7,310.8,503,1002,Intel(R) Xeon(R) Gold 6148 CPU @ 2.40GHz,moderate,1.00E-12,2.00E-08,1.00E-06,1.00E-12,0.001,traponly
APS++,2358.64,479,26,222.8,503,1002,Intel(R) Xeon(R) Gold 6148 CPU @ 2.40GHz,moderate,1.00E-12,2.00E-08,1.00E-06,1.00E-12,0.001,traponly
Spectre,13816.2,475,14,218.7,503,1002,Intel(R) Xeon(R) Gold 6148 CPU @ 2.40GHz,conservative,1.00E-12,1.00E-08,1.00E-06,1.00E-12,0.0001,gear2only
APS,5485.46,475,6,282.5,503,1002,Intel(R) Xeon(R) Gold 6148 CPU @ 2.40GHz,conservative,1.00E-12,1.00E-08,1.00E-06,1.00E-12,0.0001,gear2only
APS++,3868.05,480,24,176.8,503,1002,Intel(R) Xeon(R) Gold 6148 CPU @ 2.40GHz,conservative_sigglobal,1.00E-12,1.00E-08,1.00E-06,1.00E-12,0.0001,gear2only
Spectre,3532.52,456,40,1781,503,1002,Intel(R) Xeon(R) Gold 6148 CPU @ 2.40GHz,liberal,1.00E-12,2.00E-08,1.00E-06,1.00E-12,0.01,trapgear2
APS,1399.19,468,15,272.1,503,1002,Intel(R) Xeon(R) Gold 6148 CPU @ 2.40GHz,liberal,1.00E-12,2.00E-08,1.00E-06,1.00E-12,0.01,trapgear2
APS++,768.822,226,1,109.2,503,1002,Intel(R) Xeon(R) Gold 6148 CPU @ 2.40GHz,liberal,1.00E-12,2.00E-08,1.00E-06,1.00E-12,0.01,trapgear2
Spectre,8245.61,476,40,1797.8,503,1002,Intel(R) Xeon(R) Gold 6148 CPU @ 2.40GHz,moderate,1.00E-12,2.00E-08,1.00E-06,1.00E-12,0.001,traponly
APS,3991.1,481,8,231.1,503,1002,Intel(R) Xeon(R) Gold 6148 CPU @ 2.40GHz,moderate,1.00E-12,2.00E-08,1.00E-06,1.00E-12,0.001,traponly
Spectre,14041.7,474,40,1704.7,503,1002,Intel(R) Xeon(R) Gold 6148 CPU @ 2.40GHz,conservative,1.00E-12,1.00E-08,1.00E-06,1.00E-12,0.0001,gear2only
APS,5471.36,481,6,205.5,503,1002,Intel(R) Xeon(R) Gold 6148 CPU @ 2.40GHz,conservative,1.00E-12,1.00E-08,1.00E-06,1.00E-12,0.0001,gear2only
APS++,3989.95,475,40,1809.4,503,1002,Intel(R) Xeon(R) Gold 6148 CPU @ 2.40GHz,conservative_sigglobal,1.00E-12,1.00E-08,1.00E-06,1.00E-12,0.0001,gear2only
Spectre,3515.61,472,40,1797.2,503,1002,Intel(R) Xeon(R) Gold 6148 CPU @ 2.40GHz,liberal,1.00E-12,2.00E-08,1.00E-06,1.00E-12,0.01,trapgear2
APS,1430.31,465,20,888,503,1002,Intel(R) Xeon(R) Gold 6148 CPU @ 2.40GHz,liberal,1.00E-12,2.00E-08,1.00E-06,1.00E-12,0.01,trapgear2
APS++,781.534,225,22,353.9,503,1002,Intel(R) Xeon(R) Gold 6148 CPU @ 2.40GHz,liberal,1.00E-12,2.00E-08,1.00E-06,1.00E-12,0.01,trapgear2
Spectre,8614.47,478,31,1395.1,503,1002,Intel(R) Xeon(R) Gold 6148 CPU @ 2.40GHz,moderate,1.00E-12,2.00E-08,1.00E-06,1.00E-12,0.001,traponly
APS,4067.46,481,33,2062.3,503,1002,Intel(R) Xeon(R) Gold 6148 CPU @ 2.40GHz,moderate,1.00E-12,2.00E-08,1.00E-06,1.00E-12,0.001,traponly
Spectre,14504.1,472,34,1509.2,503,1002,Intel(R) Xeon(R) Gold 6148 CPU @ 2.40GHz,conservative,1.00E-12,1.00E-08,1.00E-06,1.00E-12,0.0001,gear2only
APS,5561.74,481,29,1549.2,503,1002,Intel(R) Xeon(R) Gold 6148 CPU @ 2.40GHz,conservative,1.00E-12,1.00E-08,1.00E-06,1.00E-12,0.0001,gear2only
APS++,3919.06,481,33,2080.3,503,1002,Intel(R) Xeon(R) Gold 6148 CPU @ 2.40GHz,conservative_sigglobal,1.00E-12,1.00E-08,1.00E-06,1.00E-12,0.0001,gear2only
Spectre,4813.7,479,8,418,503,1002,AMD EPYC 7601 32-Core Processor,liberal,1.00E-12,2.00E-08,1.00E-06,1.00E-12,0.01,trapgear2
APS,1789.83,463,14,423,503,1002,AMD EPYC 7601 32-Core Processor,liberal,1.00E-12,2.00E-08,1.00E-06,1.00E-12,0.01,trapgear2
APS++,900.988,234,6,416.6,503,1002,AMD EPYC 7601 32-Core Processor,liberal,1.00E-12,2.00E-08,1.00E-06,1.00E-12,0.01,trapgear2
Spectre,10211.7,472,6,358.1,503,1002,AMD EPYC 7601 32-Core Processor,moderate,1.00E-12,2.00E-08,1.00E-06,1.00E-12,0.001,traponly
APS,5263.72,488,6,411.5,503,1002,AMD EPYC 7601 32-Core Processor,moderate,1.00E-12,2.00E-08,1.00E-06,1.00E-12,0.001,traponly
APS++,2936.1,480,6,409.4,503,1002,AMD EPYC 7601 32-Core Processor,moderate,1.00E-12,2.00E-08,1.00E-06,1.00E-12,0.001,traponly
Spectre,13710.7,473,6,132.5,503,1002,AMD EPYC 7601 32-Core Processor,conservative,1.00E-12,1.00E-08,1.00E-06,1.00E-12,0.0001,gear2only
APS,6935.04,481,6,387.1,503,1002,AMD EPYC 7601 32-Core Processor,conservative,1.00E-12,1.00E-08,1.00E-06,1.00E-12,0.0001,gear2only
APS++,4712.5,482,6,407.7,503,1002,AMD EPYC 7601 32-Core Processor,conservative_sigglobal,1.00E-12,1.00E-08,1.00E-06,1.00E-12,0.0001,gear2only
Spectre,5163.07,474,6,483.4,503,1002,AMD EPYC 7601 32-Core Processor,liberal,1.00E-12,2.00E-08,1.00E-06,1.00E-12,0.01,trapgear2
APS,1978.24,483,16,523.2,503,1002,AMD EPYC 7601 32-Core Processor,liberal,1.00E-12,2.00E-08,1.00E-06,1.00E-12,0.01,trapgear2
APS++,975.596,220,11,527.3,503,1002,AMD EPYC 7601 32-Core Processor,liberal,1.00E-12,2.00E-08,1.00E-06,1.00E-12,0.01,trapgear2
Spectre,9240.35,474,6,284.9,503,1002,AMD EPYC 7601 32-Core Processor,moderate,1.00E-12,2.00E-08,1.00E-06,1.00E-12,0.001,traponly
APS,4467.32,479,6,301,503,1002,AMD EPYC 7601 32-Core Processor,moderate,1.00E-12,2.00E-08,1.00E-06,1.00E-12,0.001,traponly
APS++,3016.51,482,6,487.6,503,1002,AMD EPYC 7601 32-Core Processor,moderate,1.00E-12,2.00E-08,1.00E-06,1.00E-12,0.001,traponly
Spectre,14011.3,476,45,695.7,503,1002,AMD EPYC 7601 32-Core Processor,conservative,1.00E-12,1.00E-08,1.00E-06,1.00E-12,0.0001,gear2only
APS,7482.85,477,6,441.2,503,1002,AMD EPYC 7601 32-Core Processor,conservative,1.00E-12,1.00E-08,1.00E-06,1.00E-12,0.0001,gear2only
Spectre,4431.41,474,62,4715.9,503,1002,AMD EPYC 7601 32-Core Processor,liberal,1.00E-12,2.00E-08,1.00E-06,1.00E-12,0.01,trapgear2
APS,2162.35,472,64,4989,503,1002,AMD EPYC 7601 32-Core Processor,liberal,1.00E-12,2.00E-08,1.00E-06,1.00E-12,0.01,trapgear2
APS++,870.073,227,62,4518.1,503,1002,AMD EPYC 7601 32-Core Processor,liberal,1.00E-12,2.00E-08,1.00E-06,1.00E-12,0.01,trapgear2
Spectre,10257.7,476,64,4782.9,503,1002,AMD EPYC 7601 32-Core Processor,moderate,1.00E-12,2.00E-08,1.00E-06,1.00E-12,0.001,traponly
APS,5699.26,471,64,4901,503,1002,AMD EPYC 7601 32-Core Processor,moderate,1.00E-12,2.00E-08,1.00E-06,1.00E-12,0.001,traponly
APS++,3256.87,474,63,4516.7,503,1002,AMD EPYC 7601 32-Core Processor,moderate,1.00E-12,2.00E-08,1.00E-06,1.00E-12,0.001,traponly
Spectre,16074.8,476,62,3326.2,503,1002,AMD EPYC 7601 32-Core Processor,conservative,1.00E-12,1.00E-08,1.00E-06,1.00E-12,0.0001,gear2only
APS,7945.27,470,64,4953.2,503,1002,AMD EPYC 7601 32-Core Processor,conservative,1.00E-12,1.00E-08,1.00E-06,1.00E-12,0.0001,gear2only
APS++,5350.56,466,64,4906,503,1002,AMD EPYC 7601 32-Core Processor,conservative_sigglobal,1.00E-12,1.00E-08,1.00E-06,1.00E-12,0.0001,gear2only
Spectre,3398.57,476,8,289.5,503,1002,AMD EPYC 7601 32-Core Processor,liberal,1.00E-12,2.00E-08,1.00E-06,1.00E-12,0.01,trapgear2
APS,2132.56,463,59,4651.6,503,1002,AMD EPYC 7601 32-Core Processor,liberal,1.00E-12,2.00E-08,1.00E-06,1.00E-12,0.01,trapgear2
APS++,1060.92,217,56,4459.4,503,1002,AMD EPYC 7601 32-Core Processor,liberal,1.00E-12,2.00E-08,1.00E-06,1.00E-12,0.01,trapgear2
Spectre,10154.4,460,61,4537.6,503,1002,AMD EPYC 7601 32-Core Processor,moderate,1.00E-12,2.00E-08,1.00E-06,1.00E-12,0.001,traponly
APS,5871.72,477,62,4442.2,503,1002,AMD EPYC 7601 32-Core Processor,moderate,1.00E-12,2.00E-08,1.00E-06,1.00E-12,0.001,traponly
APS++,3185.75,464,56,4337.3,503,1002,AMD EPYC 7601 32-Core Processor,moderate,1.00E-12,2.00E-08,1.00E-06,1.00E-12,0.001,traponly
Spectre,14427.5,479,52,1133.7,503,1002,AMD EPYC 7601 32-Core Processor,conservative,1.00E-12,1.00E-08,1.00E-06,1.00E-12,0.0001,gear2only
APS,8455.84,465,63,4507.2,503,1002,AMD EPYC 7601 32-Core Processor,conservative,1.00E-12,1.00E-08,1.00E-06,1.00E-12,0.0001,gear2only
APS++,5550.07,468,63,4471.6,503,1002,AMD EPYC 7601 32-Core Processor,conservative_sigglobal,1.00E-12,1.00E-08,1.00E-06,1.00E-12,0.0001,gear2only
Spectre,5084.71,460,60,4924.5,503,1002,AMD EPYC 7601 32-Core Processor,liberal,1.00E-12,2.00E-08,1.00E-06,1.00E-12,0.01,trapgear2
APS,1782.7,469,59,4530.5,503,1002,AMD EPYC 7601 32-Core Processor,liberal,1.00E-12,2.00E-08,1.00E-06,1.00E-12,0.01,trapgear2
APS++,1022.76,221,57,4362.9,503,1002,AMD EPYC 7601 32-Core Processor,liberal,1.00E-12,2.00E-08,1.00E-06,1.00E-12,0.01,trapgear2
Spectre,10142.7,473,63,4359.8,503,1002,AMD EPYC 7601 32-Core Processor,moderate,1.00E-12,2.00E-08,1.00E-06,1.00E-12,0.001,traponly
APS,5727.33,481,63,4448.8,503,1002,AMD EPYC 7601 32-Core Processor,moderate,1.00E-12,2.00E-08,1.00E-06,1.00E-12,0.001,traponly
APS++,2812.28,473,62,4506.2,503,1002,AMD EPYC 7601 32-Core Processor,moderate,1.00E-12,2.00E-08,1.00E-06,1.00E-12,0.001,traponly
Spectre,19490.6,477,64,4684.3,503,1002,AMD EPYC 7601 32-Core Processor,conservative,1.00E-12,1.00E-08,1.00E-06,1.00E-12,0.0001,gear2only
APS,7774.62,481,62,4422.2,503,1002,AMD EPYC 7601 32-Core Processor,conservative,1.00E-12,1.00E-08,1.00E-06,1.00E-12,0.0001,gear2only
APS++,4476.57,482,62,4449.2,503,1002,AMD EPYC 7601 32-Core Processor,conservative_sigglobal,1.00E-12,1.00E-08,1.00E-06,1.00E-12,0.0001,gear2only
Spectre,725.179,622,60,4304,103,202,AMD EPYC 7601 32-Core Processor,liberal,1.00E-12,2.00E-08,1.00E-06,1.00E-12,0.01,trapgear2
APS,345.039,619,61,5441.6,103,202,AMD EPYC 7601 32-Core Processor,liberal,1.00E-12,2.00E-08,1.00E-06,1.00E-12,0.01,trapgear2
APS++,202.961,251,60,5390.4,103,202,AMD EPYC 7601 32-Core Processor,liberal,1.00E-12,2.00E-08,1.00E-06,1.00E-12,0.01,trapgear2
Spectre,1999.38,638,42,1503.7,103,202,AMD EPYC 7601 32-Core Processor,moderate,1.00E-12,2.00E-08,1.00E-06,1.00E-12,0.001,traponly
APS,1078.84,625,61,5569.4,103,202,AMD EPYC 7601 32-Core Processor,moderate,1.00E-12,2.00E-08,1.00E-06,1.00E-12,0.001,traponly
APS++,560.869,625,59,4309.3,103,202,AMD EPYC 7601 32-Core Processor,moderate,1.00E-12,2.00E-08,1.00E-06,1.00E-12,0.001,traponly
Spectre,2899.36,634,53,4351.4,103,202,AMD EPYC 7601 32-Core Processor,conservative,1.00E-12,1.00E-08,1.00E-06,1.00E-12,0.0001,gear2only
APS,1254.22,539,44,4103.2,103,202,AMD EPYC 7601 32-Core Processor,conservative,1.00E-12,1.00E-08,1.00E-06,1.00E-12,0.0001,gear2only
APS++,905.921,628,43,4103.2,103,202,AMD EPYC 7601 32-Core Processor,conservative_sigglobal,1.00E-12,1.00E-08,1.00E-06,1.00E-12,0.0001,gear2only
Spectre,670.004,625,6,206.8,103,202,Intel(R) Xeon(R) Gold 6148 CPU @ 2.40GHz,liberal,1.00E-12,2.00E-08,1.00E-06,1.00E-12,0.01,trapgear2
APS,315.73,631,8,601.9,103,202,Intel(R) Xeon(R) Gold 6148 CPU @ 2.40GHz,liberal,1.00E-12,2.00E-08,1.00E-06,1.00E-12,0.01,trapgear2
APS++,187.531,260,8,605.9,103,202,Intel(R) Xeon(R) Gold 6148 CPU @ 2.40GHz,liberal,1.00E-12,2.00E-08,1.00E-06,1.00E-12,0.01,trapgear2
Spectre,1606.06,633,6,196.7,103,202,Intel(R) Xeon(R) Gold 6148 CPU @ 2.40GHz,moderate,1.00E-12,2.00E-08,1.00E-06,1.00E-12,0.001,traponly
APS,982.019,624,8,123.2,103,202,Intel(R) Xeon(R) Gold 6148 CPU @ 2.40GHz,moderate,1.00E-12,2.00E-08,1.00E-06,1.00E-12,0.001,traponly
APS++,589.552,622,7,605.4,103,202,Intel(R) Xeon(R) Gold 6148 CPU @ 2.40GHz,moderate,1.00E-12,2.00E-08,1.00E-06,1.00E-12,0.001,traponly
Spectre,2909.9,635,4,113.7,103,202,Intel(R) Xeon(R) Gold 6148 CPU @ 2.40GHz,conservative,1.00E-12,1.00E-08,1.00E-06,1.00E-12,0.0001,gear2only
APS,1367.21,630,1,103.7,103,202,Intel(R) Xeon(R) Gold 6148 CPU @ 2.40GHz,conservative,1.00E-12,1.00E-08,1.00E-06,1.00E-12,0.0001,gear2only
APS++,960.383,630,23,643.9,103,202,Intel(R) Xeon(R) Gold 6148 CPU @ 2.40GHz,conservative_sigglobal,1.00E-12,1.00E-08,1.00E-06,1.00E-12,0.0001,gear2only
Spectre,684.232,622,2,104,103,202,Intel(R) Xeon(R) Gold 6148 CPU @ 2.40GHz,liberal,1.00E-12,2.00E-08,1.00E-06,1.00E-12,0.01,trapgear2
APS,307.497,629,30,2919.7,103,202,Intel(R) Xeon(R) Gold 6148 CPU @ 2.40GHz,liberal,1.00E-12,2.00E-08,1.00E-06,1.00E-12,0.01,trapgear2
APS++,158.862,234,30,3001.5,103,202,Intel(R) Xeon(R) Gold 6148 CPU @ 2.40GHz,liberal,1.00E-12,2.00E-08,1.00E-06,1.00E-12,0.01,trapgear2
Spectre,1691.39,624,30,2878.2,103,202,Intel(R) Xeon(R) Gold 6148 CPU @ 2.40GHz,moderate,1.00E-12,2.00E-08,1.00E-06,1.00E-12,0.001,traponly
APS,1030.56,625,30,2963.2,103,202,Intel(R) Xeon(R) Gold 6148 CPU @ 2.40GHz,moderate,1.00E-12,2.00E-08,1.00E-06,1.00E-12,0.001,traponly
APS++,536.308,622,30,3001.3,103,202,Intel(R) Xeon(R) Gold 6148 CPU @ 2.40GHz,moderate,1.00E-12,2.00E-08,1.00E-06,1.00E-12,0.001,traponly
Spectre,2869.19,635,8,160.2,103,202,Intel(R) Xeon(R) Gold 6148 CPU @ 2.40GHz,conservative,1.00E-12,1.00E-08,1.00E-06,1.00E-12,0.0001,gear2only
APS,1401.82,537,30,2899.7,103,202,Intel(R) Xeon(R) Gold 6148 CPU @ 2.40GHz,conservative,1.00E-12,1.00E-08,1.00E-06,1.00E-12,0.0001,gear2only
APS++,909.612,627,30,2946.7,103,202,Intel(R) Xeon(R) Gold 6148 CPU @ 2.40GHz,conservative_sigglobal,1.00E-12,1.00E-08,1.00E-06,1.00E-12,0.0001,gear2only
Spectre,664.875,625,23,252.3,103,202,Intel(R) Xeon(R) Gold 6148 CPU @ 2.40GHz,liberal,1.00E-12,2.00E-08,1.00E-06,1.00E-12,0.01,trapgear2
APS,298.271,622,19,435,103,202,Intel(R) Xeon(R) Gold 6148 CPU @ 2.40GHz,liberal,1.00E-12,2.00E-08,1.00E-06,1.00E-12,0.01,trapgear2
APS++,150.742,235,6,238.7,103,202,Intel(R) Xeon(R) Gold 6148 CPU @ 2.40GHz,liberal,1.00E-12,2.00E-08,1.00E-06,1.00E-12,0.01,trapgear2
Spectre,1599.59,623,10,125,103,202,Intel(R) Xeon(R) Gold 6148 CPU @ 2.40GHz,moderate,1.00E-12,2.00E-08,1.00E-06,1.00E-12,0.001,traponly
APS,984.105,630,6,324.8,103,202,Intel(R) Xeon(R) Gold 6148 CPU @ 2.40GHz,moderate,1.00E-12,2.00E-08,1.00E-06,1.00E-12,0.001,traponly
APS++,512.754,628,6,375.3,103,202,Intel(R) Xeon(R) Gold 6148 CPU @ 2.40GHz,moderate,1.00E-12,2.00E-08,1.00E-06,1.00E-12,0.001,traponly
Spectre,2868.19,635,6,172.8,103,202,Intel(R) Xeon(R) Gold 6148 CPU @ 2.40GHz,conservative,1.00E-12,1.00E-08,1.00E-06,1.00E-12,0.0001,gear2only
APS,1345.35,638,19,181.5,103,202,Intel(R) Xeon(R) Gold 6148 CPU @ 2.40GHz,conservative,1.00E-12,1.00E-08,1.00E-06,1.00E-12,0.0001,gear2only
APS++,872.387,626,6,350.2,103,202,Intel(R) Xeon(R) Gold 6148 CPU @ 2.40GHz,conservative_sigglobal,1.00E-12,1.00E-08,1.00E-06,1.00E-12,0.0001,gear2only
Spectre,783.116,536,28,1626,103,202,AMD EPYC 7601 32-Core Processor,liberal,1.00E-12,2.00E-08,1.00E-06,1.00E-12,0.01,trapgear2
APS,317.23,541,36,1586.3,103,202,AMD EPYC 7601 32-Core Processor,liberal,1.00E-12,2.00E-08,1.00E-06,1.00E-12,0.01,trapgear2
APS++,186.883,246,21,1539.6,103,202,AMD EPYC 7601 32-Core Processor,liberal,1.00E-12,2.00E-08,1.00E-06,1.00E-12,0.01,trapgear2
Spectre,1789.08,624,25,1541.7,103,202,AMD EPYC 7601 32-Core Processor,moderate,1.00E-12,2.00E-08,1.00E-06,1.00E-12,0.001,traponly
APS,969.662,629,21,1512.8,103,202,AMD EPYC 7601 32-Core Processor,moderate,1.00E-12,2.00E-08,1.00E-06,1.00E-12,0.001,traponly
APS++,649.862,625,18,1585.3,103,202,AMD EPYC 7601 32-Core Processor,moderate,1.00E-12,2.00E-08,1.00E-06,1.00E-12,0.001,traponly
Spectre,3044.17,630,30,1525.7,103,202,AMD EPYC 7601 32-Core Processor,conservative,1.00E-12,1.00E-08,1.00E-06,1.00E-12,0.0001,gear2only
APS,1501.97,541,18,1621.6,103,202,AMD EPYC 7601 32-Core Processor,conservative,1.00E-12,1.00E-08,1.00E-06,1.00E-12,0.0001,gear2only
APS++,1083.23,630,18,1603.6,103,202,AMD EPYC 7601 32-Core Processor,conservative_sigglobal,1.00E-12,1.00E-08,1.00E-06,1.00E-12,0.0001,gear2only
Spectre,744.952,622,21,1496.2,103,202,AMD EPYC 7601 32-Core Processor,liberal,1.00E-12,2.00E-08,1.00E-06,1.00E-12,0.01,trapgear2
APS,353.966,633,18,1674.8,103,202,AMD EPYC 7601 32-Core Processor,liberal,1.00E-12,2.00E-08,1.00E-06,1.00E-12,0.01,trapgear2
APS++,207.624,249,18,1622.5,103,202,AMD EPYC 7601 32-Core Processor,liberal,1.00E-12,2.00E-08,1.00E-06,1.00E-12,0.01,trapgear2
Spectre,2040.19,532,42,4021.5,103,202,AMD EPYC 7601 32-Core Processor,moderate,1.00E-12,2.00E-08,1.00E-06,1.00E-12,0.001,traponly
APS,983.409,537,28,1595.1,103,202,AMD EPYC 7601 32-Core Processor,moderate,1.00E-12,2.00E-08,1.00E-06,1.00E-12,0.001,traponly
APS++,657.134,541,18,1658.4,103,202,AMD EPYC 7601 32-Core Processor,moderate,1.00E-12,2.00E-08,1.00E-06,1.00E-12,0.001,traponly
Spectre,3001.52,626,25,1462.8,103,202,AMD EPYC 7601 32-Core Processor,conservative,1.00E-12,1.00E-08,1.00E-06,1.00E-12,0.0001,gear2only
APS,1568.25,625,42,4043.2,103,202,AMD EPYC 7601 32-Core Processor,conservative,1.00E-12,1.00E-08,1.00E-06,1.00E-12,0.0001,gear2only
APS++,1108.58,537,42,4070.3,103,202,AMD EPYC 7601 32-Core Processor,conservative_sigglobal,1.00E-12,1.00E-08,1.00E-06,1.00E-12,0.0001,gear2only
Spectre,757.431,539,18,1389.3,103,202,AMD EPYC 7601 32-Core Processor,liberal,1.00E-12,2.00E-08,1.00E-06,1.00E-12,0.01,trapgear2
APS,350.146,632,18,1634.8,103,202,AMD EPYC 7601 32-Core Processor,liberal,1.00E-12,2.00E-08,1.00E-06,1.00E-12,0.01,trapgear2
APS++,206.23,244,18,1661.3,103,202,AMD EPYC 7601 32-Core Processor,liberal,1.00E-12,2.00E-08,1.00E-06,1.00E-12,0.01,trapgear2
Spectre,2059.88,627,42,3996.2,103,202,AMD EPYC 7601 32-Core Processor,moderate,1.00E-12,2.00E-08,1.00E-06,1.00E-12,0.001,traponly
APS,1082.1,539,18,1632,103,202,AMD EPYC 7601 32-Core Processor,moderate,1.00E-12,2.00E-08,1.00E-06,1.00E-12,0.001,traponly
APS++,652.94,543,18,1597.2,103,202,AMD EPYC 7601 32-Core Processor,moderate,1.00E-12,2.00E-08,1.00E-06,1.00E-12,0.001,traponly
Spectre,3398.31,638,18,1597.2,103,202,AMD EPYC 7601 32-Core Processor,conservative,1.00E-12,1.00E-08,1.00E-06,1.00E-12,0.0001,gear2only
APS,1554.92,625,42,4053.5,103,202,AMD EPYC 7601 32-Core Processor,conservative,1.00E-12,1.00E-08,1.00E-06,1.00E-12,0.0001,gear2only
APS++,1103.54,538,42,4019,103,202,AMD EPYC 7601 32-Core Processor,conservative_sigglobal,1.00E-12,1.00E-08,1.00E-06,1.00E-12,0.0001,gear2only
Spectre,877.309,628,42,4070.6,103,202,AMD EPYC 7601 32-Core Processor,liberal,1.00E-12,2.00E-08,1.00E-06,1.00E-12,0.01,trapgear2
APS,352.42,628,18,1693.3,103,202,AMD EPYC 7601 32-Core Processor,liberal,1.00E-12,2.00E-08,1.00E-06,1.00E-12,0.01,trapgear2
APS++,206.778,244,18,1669.6,103,202,AMD EPYC 7601 32-Core Processor,liberal,1.00E-12,2.00E-08,1.00E-06,1.00E-12,0.01,trapgear2
Spectre,1999.65,622,50,3855.3,103,202,AMD EPYC 7601 32-Core Processor,moderate,1.00E-12,2.00E-08,1.00E-06,1.00E-12,0.001,traponly
APS,1096.36,626,18,1609.5,103,202,AMD EPYC 7601 32-Core Processor,moderate,1.00E-12,2.00E-08,1.00E-06,1.00E-12,0.001,traponly
APS++,679.262,623,18,1640.3,103,202,AMD EPYC 7601 32-Core Processor,moderate,1.00E-12,2.00E-08,1.00E-06,1.00E-12,0.001,traponly
Spectre,3518.4,632,42,4017.2,103,202,AMD EPYC 7601 32-Core Processor,conservative,1.00E-12,1.00E-08,1.00E-06,1.00E-12,0.0001,gear2only
APS,1529.53,539,42,4007.2,103,202,AMD EPYC 7601 32-Core Processor,conservative,1.00E-12,1.00E-08,1.00E-06,1.00E-12,0.0001,gear2only
APS++,1120.44,627,42,4050.6,103,202,AMD EPYC 7601 32-Core Processor,conservative_sigglobal,1.00E-12,1.00E-08,1.00E-06,1.00E-12,0.0001,gear2only
Spectre,696.069,624,34,3065.2,103,202,Intel(R) Xeon(R) Gold 6148 CPU @ 2.40GHz,liberal,1.00E-12,2.00E-08,1.00E-06,1.00E-12,0.01,trapgear2
APS,298.576,534,6,264.4,103,202,Intel(R) Xeon(R) Gold 6148 CPU @ 2.40GHz,liberal,1.00E-12,2.00E-08,1.00E-06,1.00E-12,0.01,trapgear2
APS++,151.242,233,6,447.6,103,202,Intel(R) Xeon(R) Gold 6148 CPU @ 2.40GHz,liberal,1.00E-12,2.00E-08,1.00E-06,1.00E-12,0.01,trapgear2
Spectre,1659.67,536,34,3019.2,103,202,Intel(R) Xeon(R) Gold 6148 CPU @ 2.40GHz,moderate,1.00E-12,2.00E-08,1.00E-06,1.00E-12,0.001,traponly
APS,995.334,622,34,1492,103,202,Intel(R) Xeon(R) Gold 6148 CPU @ 2.40GHz,moderate,1.00E-12,2.00E-08,1.00E-06,1.00E-12,0.001,traponly
APS++,522.56,621,34,1449.3,103,202,Intel(R) Xeon(R) Gold 6148 CPU @ 2.40GHz,moderate,1.00E-12,2.00E-08,1.00E-06,1.00E-12,0.001,traponly
Spectre,2914.39,637,34,2967.1,103,202,Intel(R) Xeon(R) Gold 6148 CPU @ 2.40GHz,conservative,1.00E-12,1.00E-08,1.00E-06,1.00E-12,0.0001,gear2only
APS,1388.25,641,34,2128.3,103,202,Intel(R) Xeon(R) Gold 6148 CPU @ 2.40GHz,conservative,1.00E-12,1.00E-08,1.00E-06,1.00E-12,0.0001,gear2only
APS++,882.584,626,34,2159.5,103,202,Intel(R) Xeon(R) Gold 6148 CPU @ 2.40GHz,conservative_sigglobal,1.00E-12,1.00E-08,1.00E-06,1.00E-12,0.0001,gear2only